no,user,assistant
1,What is MBZUAI?,"MBZUAI, or the Mohamed bin Zayed University of Artificial Intelligence, is the world's first graduate-level, research-based AI university, located in Abu Dhabi, UAE."
2,When was MBZUAI established?,"MBZUAI was established to foster innovation and develop skilled AI experts for research and development in various sectors."
3,What types of programs does MBZUAI offer?,"MBZUAI offers graduate-level programs, including Master's and PhD degrees in fields like Machine Learning, Computer Vision, and Natural Language Processing."
4,Is MBZUAI tuition-free?,"Yes, MBZUAI offers a merit-based scholarship program that covers tuition, accommodation, and other benefits for admitted students."
5,Who is the target audience for MBZUAI's programs?,"MBZUAI targets students and professionals interested in advanced, specialized education and research in artificial intelligence and related fields."
6,What is the main goal of MBZUAI?,"The main goal of MBZUAI is to advance AI as a tool for positive progress and to prepare experts who can lead AI research and development."
7,How does MBZUAI support innovation in AI?,"MBZUAI supports innovation in AI through its cutting-edge curriculum, state-of-the-art research facilities, and collaboration with industry and academia."
8,Can international students apply to MBZUAI?,"Yes, MBZUAI welcomes applications from students all around the world, offering a diverse and inclusive environment."
9,What research opportunities are available at MBZUAI?,"MBZUAI offers various research opportunities in AI, including collaborative projects with industry and access to advanced computing resources."
10,What facilities are available to students at MBZUAI?,"MBZUAI provides students with access to state-of-the-art labs, computing facilities, and collaborative spaces for innovative research."
11,Does MBZUAI have partnerships with other institutions?,"Yes, MBZUAI has partnerships with leading academic and industry players in the AI field to enhance research and educational opportunities."
12,What is the application process for MBZUAI?,"The application process for MBZUAI involves submitting an online application, academic transcripts, recommendation letters, and a statement of purpose."
13,Are there any language requirements for MBZUAI?,"Yes, MBZUAI requires proficiency in English, demonstrated through standardized tests like TOEFL or IELTS for non-native speakers."
14,What kind of support services does MBZUAI offer students?,"MBZUAI offers a range of support services, including career counseling, mental health support, and academic advising."
15,How does MBZUAI contribute to the AI community?,"MBZUAI contributes to the AI community through its research contributions, conferences, workshops, and by preparing skilled graduates."
16,What are the career prospects for MBZUAI graduates?,"MBZUAI graduates have strong career prospects in academia, industry, and research institutions focused on artificial intelligence and technology."
17,Does MBZUAI offer online courses?,"As of my last update, MBZUAI primarily offers on-campus programs, but it may offer online courses or resources to support learning."
18,How is the curriculum at MBZUAI designed?,"The curriculum at MBZUAI is designed to be interdisciplinary, combining AI fundamentals with applied research and ethical considerations."
19,Who founded MBZUAI?,"MBZUAI was initiated under the patronage of His Highness Sheikh Mohamed bin Zayed Al Nahyan, Crown Prince of Abu Dhabi."
20,What is the vision of MBZUAI?,"The vision of MBZUAI is to become a global leader in AI research and education, contributing to technological advancement and innovation."
21,How does MBZUAI ensure a diverse learning environment?,"MBZUAI ensures a diverse learning environment by welcoming students from all over the world and promoting a culture of inclusivity and collaboration."
22,Are there any scholarships available for PhD students at MBZUAI?,"Yes, MBZUAI offers scholarships for PhD students, covering tuition, a monthly stipend, and other benefits."
23,What makes MBZUAI unique in the field of AI education?,"MBZUAI's focus on research-based, graduate-level AI education, along with its state-of-the-art facilities and global partnerships, makes it unique."
24,How does MBZUAI engage with the industry?,"MBZUAI engages with the industry through partnerships, collaborative research projects, and internships for students."
25,What ethical considerations does MBZUAI incorporate in its programs?,"MBZUAI incorporates ethical considerations into its programs by emphasizing responsible AI development and application."
